{
  "manifest-bundle.zip": 1615597271681,
  "controller/App.controller.js": 1615253593075,
  "model/models.js": 1615077283078,
  "model/formatter.js": 1615595031357,
  "controller/Worklist.controller.js": 1615595031353,
  "controller/Object.controller.js": 1615595031337,
  "controller/NotFound.controller.js": 1615077283078,
  "controller/ErrorHandler.js": 1615077283074,
  "controller/Create.controller.js": 1615595031341,
  "controller/BaseController.js": 1615077283074,
  "manifest.json": 1615597272172,
  "Component.js": 1615077283074,
  "i18n/i18n.properties": 1615269192954,
  "Component-preload.js": 1615597272076,
  "controller/Object-dbg.controller.js": 1615595031337,
  "model/formatter-dbg.js": 1615595031357,
  "controller/Worklist-dbg.controller.js": 1615595031353,
  "model/models-dbg.js": 1615077283078,
  "controller/NotFound-dbg.controller.js": 1615077283078,
  "controller/ErrorHandler-dbg.js": 1615077283074,
  "controller/Create-dbg.controller.js": 1615595031341,
  "controller/BaseController-dbg.js": 1615077283074,
  "controller/App-dbg.controller.js": 1615253593075,
  "Component-dbg.js": 1615077283074,
  "resources.json": 1615597272175,
  "view/Worklist.view.xml": 1615595031341,
  "view/ReviewPage.fragment.xml": 1615363442828,
  "view/ObjectNotFound.view.xml": 1615164447203,
  "view/Object.view.xml": 1615595031341,
  "view/NotFound.view.xml": 1615077283086,
  "view/Create.view.xml": 1615363442828,
  "view/App.view.xml": 1615253584179,
  "test.html": 1615077283078
}